{"__type__":"cc.Mesh","_native":".bin","_struct":{"primitives":[{"primitiveMode":7,"vertexBundelIndices":[0],"indexView":{"offset":1974936,"length":494304,"count":123576,"stride":4}}],"vertexBundles":[{"view":{"offset":0,"length":1974936,"count":82289,"stride":24},"attributes":[{"name":"a_position","format":32,"isNormalized":false},{"name":"a_normal","format":32,"isNormalized":false}]}],"minPosition":{"__type__":"cc.Vec3","x":-24.524999618530273,"y":-24.524999618530273,"z":-0.02499999850988388},"maxPosition":{"__type__":"cc.Vec3","x":25.524999618530273,"y":25.524999618530273,"z":0.02499999850988388}},"_dataLength":2469240,"_hash":3322081245}
