{"__type__":"cc.AnimationClip","_name":"shake","wrapMode":2,"_duration":1.5166666666666666,"_keys":[[0,0.8333333333333334,0.9166666666666666,1.0166666666666666,1.1333333333333333,1.2666666666666666,1.4,1.5166666666666666],[0,0.8333333333333334,0.9166666666666666,1.0166666666666666,1.1333333333333333,1.2666666666666666,1.4,1.5166666666666666],[0,0.8333333333333334,0.9166666666666666,1.0166666666666666,1.2666666666666666,1.4,1.5166666666666666]],"_curves":[{"modifiers":["x"],"data":{"keys":0,"values":[0,0,0,0,0,0,0,0],"easingMethods":{}},"commonTarget":0},{"modifiers":["y"],"data":{"keys":1,"values":[0,0,0,0,0,0,0,0],"easingMethods":{}},"commonTarget":0},{"modifiers":["z"],"data":{"keys":2,"values":[0,0,10,-10,10,-10,0],"easingMethods":{}},"commonTarget":0}],"_commonTargets":[{"modifiers":["eulerAngles"]}],"_hash":3839655695}
